City,Lat,Lng,Max Temp,Humidity,Cloudiness,Wind Speed,Country,Date
Cabo San Lucas,22.89,-109.91,90.0,58,5,10.29,MX,1595027061
Tuatapere,-46.13,167.68,39.0,83,39,3.0,NZ,1595027191
Souillac,-20.52,57.52,69.8,73,40,11.41,MU,1595027191
Mataura,-46.19,168.86,39.0,83,0,3.0,NZ,1595027191
Butaritari,3.07,172.79,83.3,76,22,15.64,KI,1595027192
Kumul,42.8,93.45,76.77,19,0,8.9,CN,1595027192
New Norfolk,-42.78,147.06,39.0,85,100,2.84,AU,1595027192
Hithadhoo,-0.6,73.08,83.88,75,98,10.49,MV,1595027192
Avanigadda,16.02,80.92,81.41,78,89,8.37,IN,1595027192
Rikitea,-23.12,-134.97,73.51,82,100,14.47,PF,1595027192
Dumas,35.87,-101.97,102.0,19,1,16.11,US,1595027192
Hermanus,-34.42,19.23,60.98,44,0,8.21,ZA,1595027193
Tasiilaq,65.61,-37.64,50.0,53,0,5.82,GL,1595026984
Albany,42.6,-73.97,84.0,58,45,5.61,US,1595027119
Kisangani,0.52,25.2,69.67,95,49,1.81,CD,1595027193
Makat,47.65,53.35,86.97,45,53,11.65,KZ,1595027193
Busselton,-33.65,115.33,45.0,88,95,8.88,AU,1595027193
Alofi,-19.06,-169.92,80.6,69,42,12.75,NU,1595027193
Longyearbyen,78.22,15.64,48.2,76,40,13.87,SJ,1595027103
Barrow,71.29,-156.79,37.4,74,90,17.22,US,1595026967
Pisco,-13.7,-76.22,64.4,72,6,16.11,PE,1595027194
Punta Arenas,-53.15,-70.92,33.01,94,75,9.17,CL,1595027194
Kyshtovka,56.55,76.63,61.74,90,51,6.53,RU,1595027194
Găleşti,46.52,24.75,61.0,93,90,1.12,RO,1595027194
Āreka,7.07,37.7,59.95,90,82,2.26,ET,1595027195
Kapaa,22.08,-159.32,88.0,74,20,8.05,US,1595027195
Atuona,-9.8,-139.03,79.21,77,25,17.38,PF,1595027195
San Patricio,19.22,-104.7,86.0,66,40,11.41,MX,1595027195
Moose Factory,51.26,-80.61,77.0,47,40,10.29,CA,1595027195
Stilfontein,-26.84,26.77,45.16,40,0,2.3,ZA,1595027195
Belmonte,-15.86,-38.88,71.6,68,0,3.36,BR,1595027196
Chirongui,-12.93,45.15,77.0,69,20,17.22,YT,1595027196
Ushuaia,-54.8,-68.3,28.4,86,68,6.93,AR,1595027145
Honiara,-9.43,159.95,80.6,88,90,5.5,SB,1595027196
La Ronge,55.1,-105.28,62.6,88,75,12.75,CA,1595027196
Carnarvon,-24.87,113.63,51.8,93,0,10.29,AU,1595027097
Fairbanks,64.84,-147.72,68.0,59,75,9.17,US,1595027196
Dikson,73.51,80.55,40.53,96,92,10.22,RU,1595027197
Kabanjahe,3.1,98.49,77.0,100,40,3.36,ID,1595027197
Marsh Harbour,26.54,-77.06,83.1,79,97,17.9,BS,1595027115
Luanshya,-13.14,28.42,44.06,88,23,5.48,ZM,1595027197
Saint Paul Harbor,57.79,-152.41,60.8,72,90,10.29,US,1595027197
Marshalltown,42.05,-92.91,87.8,66,75,14.99,US,1595027197
Severnyy,50.68,36.55,60.8,72,90,4.47,RU,1595027198
Avarua,-21.21,-159.78,73.4,60,11,12.75,CK,1595027198
Nogliki,51.83,143.17,58.78,96,100,1.52,RU,1595027198
Tuktoyaktuk,69.45,-133.04,50.0,76,40,11.41,CA,1595027198
Hobart,-42.88,147.33,41.0,80,75,10.29,AU,1595026965
Kruisfontein,-34.0,24.73,58.03,31,0,12.62,ZA,1595027198
Port Shepstone,-30.74,30.45,58.93,35,0,8.12,ZA,1595027198
Aklavik,68.22,-135.01,62.6,63,75,5.82,CA,1595027199
Kalemie,-5.95,29.19,70.84,62,5,23.11,CD,1595027199
Avera,33.19,-82.53,93.2,46,1,8.05,US,1595027199
Hilo,19.73,-155.09,84.2,66,75,10.29,US,1595027199
Saskylakh,71.92,114.08,50.59,80,99,8.05,RU,1595027199
Arraial do Cabo,-22.97,-42.03,70.27,78,2,17.43,BR,1595027200
Bluff,-46.6,168.33,39.0,83,12,3.0,NZ,1595027200
Paamiut,61.99,-49.67,47.16,72,44,4.54,GL,1595027200
Upernavik,72.79,-56.15,45.82,61,76,7.16,GL,1595027200
Langsa,4.47,97.97,72.95,90,30,1.97,ID,1595027200
Hasaki,35.73,140.83,66.2,100,75,9.17,JP,1595027200
Schkeuditz,51.4,12.22,64.0,72,40,5.82,DE,1595027200
Lüderitz,-26.65,15.16,66.2,25,0,8.05,NA,1595027201
Nantucket,41.28,-70.1,69.8,88,90,11.41,US,1595026989
Jos,9.92,8.9,64.4,94,96,3.76,NG,1595027201
Nanortalik,60.14,-45.24,46.81,67,0,12.75,GL,1595027201
High Level,58.52,-117.14,60.8,93,90,3.36,CA,1595027201
Cape Town,-33.93,18.42,62.6,39,0,13.87,ZA,1595027003
Afşin,38.25,36.91,68.36,58,0,3.29,TR,1595027201
Xiaoshan,30.17,120.26,84.99,100,40,2.24,CN,1595027202
Puerto Ayora,-0.74,-90.35,70.0,88,48,3.0,EC,1595027202
Bredasdorp,-34.53,20.04,44.6,87,0,2.24,ZA,1595027202
Nikolskoye,59.7,30.79,57.2,82,15,4.47,RU,1595027202
Ponta do Sol,32.67,-17.1,73.0,78,20,2.24,PT,1595027202
Takaka,-40.85,172.8,57.99,65,98,7.0,NZ,1595027202
Ilfracombe,51.21,-4.11,60.01,94,86,4.0,GB,1595027203
Bījār,35.87,47.61,63.45,50,0,4.41,IR,1595027203
Voh,-20.97,164.7,73.6,47,0,1.59,NC,1595027203
Castro,-24.79,-50.01,58.96,89,0,2.39,BR,1595027203
Charagua,-19.8,-63.22,73.72,54,14,13.2,BO,1595027203
Menongue,-14.66,17.69,44.74,59,0,4.92,AO,1595027203
Thompson,55.74,-97.86,71.6,49,90,4.7,CA,1595027035
Vila Franca do Campo,37.72,-25.43,68.0,82,75,4.7,PT,1595027204
Dingle,11.0,122.67,79.09,83,99,6.2,PH,1595027204
Atarra,25.28,80.57,89.28,60,71,0.13,IN,1595027204
Guerrero Negro,27.98,-114.06,80.91,44,0,15.26,MX,1595027204
Jamestown,42.1,-79.24,78.01,65,1,11.41,US,1595027204
George Town,5.41,100.34,78.8,100,20,6.04,MY,1595027204
Portland,45.52,-122.68,75.0,46,75,14.99,US,1595026948
Saint-François,46.42,3.91,57.99,82,31,3.27,FR,1595027205
Itaituba,-4.28,-55.98,77.59,85,60,1.1,BR,1595027205
Klaksvík,62.23,-6.59,50.0,87,71,20.8,FO,1595027205
East London,-33.02,27.91,62.92,27,0,6.69,ZA,1595027205
Belaya Gora,68.53,146.42,57.85,50,0,6.33,RU,1595027205
Kavieng,-2.57,150.8,83.35,76,91,9.55,PG,1595027206
Bagdarin,54.43,113.6,55.8,66,73,2.55,RU,1595027206
Hervey Bay,-25.3,152.85,66.0,71,0,8.05,AU,1595027206
Mareeba,-17.0,145.43,62.6,72,100,10.29,AU,1595027206
Taoudenni,22.68,-3.98,100.31,18,0,8.19,ML,1595027207
Bereda,43.27,-7.54,63.0,99,20,5.99,ES,1595027207
Mahébourg,-20.41,57.7,69.8,73,40,11.41,MU,1595027207
Lagoa,39.05,-27.98,69.73,82,77,10.94,PT,1595027207
Mar del Plata,-38.0,-57.56,51.01,93,100,12.75,AR,1595027193
Narsaq,60.92,-46.05,64.4,45,0,6.93,GL,1595027207
North Bend,43.41,-124.22,66.0,63,1,23.04,US,1595027207
Cap Malheureux,-19.98,57.61,66.0,79,0,3.0,MU,1595027207
Novyy Nekouz,57.9,38.07,50.94,97,63,5.3,RU,1595027208
Yellowknife,62.46,-114.35,68.0,40,75,9.17,CA,1595027208
Tromsø,69.65,18.96,55.4,93,75,26.4,NO,1595027208
Touros,-5.2,-35.46,77.0,88,40,6.93,BR,1595027208
Hambantota,6.12,81.12,79.81,81,100,13.29,LK,1595027208
Tari,12.41,4.49,81.45,67,45,6.98,NG,1595027208
Umm Kaddadah,13.6,26.69,85.53,44,34,5.44,SD,1595027209
Bethel,41.37,-73.41,81.0,69,1,4.7,US,1595027209
Mahon,39.89,4.27,69.8,77,20,4.7,ES,1595027209
Padang,-0.95,100.35,76.95,77,73,3.33,ID,1595027209
Balkhash,46.84,74.98,78.55,41,71,9.62,KZ,1595027209
Qaanaaq,77.48,-69.36,45.77,71,100,9.31,GL,1595027209
Auki,-8.77,160.7,83.1,73,77,5.44,SB,1595027209
Port Alfred,-33.59,26.89,64.51,28,0,10.0,ZA,1595027209
Raudeberg,61.99,5.14,57.2,76,16,18.34,NO,1595027210
Zhezkazgan,47.8,67.71,77.02,40,24,11.12,KZ,1595027210
Leningradskiy,69.38,178.42,37.9,84,96,15.66,RU,1595027210
Kasane,-17.82,25.15,46.42,56,0,4.63,BW,1595027210
Hong Kong,22.29,114.16,84.99,79,100,8.99,HK,1595027210
Lockport,41.59,-88.06,86.0,58,1,9.17,US,1595027210
Sabzawār,36.21,57.68,76.08,34,0,10.89,IR,1595027211
Yangi Marg`ilon,40.43,71.72,77.0,38,99,9.17,UZ,1595027211
Killarney,52.05,-9.52,59.22,91,100,6.38,IE,1595027211
Saint-Philippe,-21.36,55.77,64.4,77,90,8.05,RE,1595027211
Pangnirtung,66.15,-65.71,50.0,81,90,9.17,CA,1595027211
La Foa,-21.71,165.83,73.4,49,4,4.7,NC,1595027211
Peebles,55.65,-3.19,57.99,10,100,6.13,GB,1595027212
Saldanha,-33.01,17.94,50.0,76,0,3.36,ZA,1595027212
Hamilton,39.18,-84.53,90.0,58,1,6.93,US,1595027059
Atbasar,51.8,68.33,72.86,73,69,11.72,KZ,1595027212
Jega,12.22,4.38,80.85,69,27,7.85,NG,1595027212
Trairi,-3.28,-39.27,77.79,77,49,9.15,BR,1595027212
Manthani,18.65,79.67,78.69,86,94,4.9,IN,1595027212
Zhangjiakou,40.81,114.88,63.18,80,96,3.04,CN,1595027213
Constitución,-35.33,-72.42,55.81,90,91,21.74,CL,1595027007
Iqaluit,63.75,-68.51,51.8,87,75,10.29,CA,1595027213
Sterling,39.01,-77.43,95.0,41,40,3.36,US,1595027114
Lanzhou,36.06,103.79,60.01,88,100,6.96,CN,1595027213
Togur,58.36,82.83,51.22,82,0,2.82,RU,1595027214
Vaini,-21.2,-175.2,77.0,94,75,9.17,TO,1595027214
Imeni Babushkina,59.76,43.13,54.12,97,37,3.98,RU,1595027214
Mossamedes,-15.2,12.15,68.65,54,0,4.72,AO,1595027214
Ajdabiya,30.76,20.23,74.01,63,0,10.71,LY,1595027214
Albanel,48.88,-72.45,69.8,88,75,4.7,CA,1595027214
Usinsk,65.99,57.53,58.33,96,74,6.49,RU,1595027214
Maragogi,-9.01,-35.22,74.37,87,36,13.15,BR,1595027215
Zhigansk,66.77,123.37,57.45,95,100,5.19,RU,1595027226
Nishihara,26.18,127.76,84.0,88,90,8.05,JP,1595027226
Xining,36.62,101.77,53.35,85,100,2.35,CN,1595027226
Agadez,19.75,10.25,87.75,13,4,7.85,NE,1595027226
Bondo,3.81,23.69,67.77,98,100,1.32,CD,1595027227
Muhos,64.81,25.99,60.8,82,49,4.7,FI,1595027227
Harper,4.38,-7.72,75.06,80,2,6.35,LR,1595027227
Farim,12.48,-15.22,74.88,91,100,8.93,GW,1595027227
Derzhavīnsk,51.1,66.32,73.92,68,7,12.24,KZ,1595027227
Airai,-8.93,125.41,59.4,99,31,3.78,TL,1595027227
Sungai Penuh,-2.08,101.38,63.73,92,77,2.91,ID,1595027227
Torbay,47.67,-52.73,50.0,100,90,13.87,CA,1595027228
Doumé,4.23,13.45,68.25,95,72,3.98,CM,1595027228
Kirensk,57.79,108.11,52.38,90,97,7.36,RU,1595027228
Samarai,-10.62,150.67,76.17,85,100,15.66,PG,1595027228
Antsohihy,-14.88,47.99,70.07,54,51,13.49,MG,1595027228
Lebu,-37.62,-73.65,52.38,87,0,16.58,CL,1595027228
Udachny,66.42,112.4,55.4,76,75,2.24,RU,1595027228
Katsuura,35.13,140.3,69.8,100,90,2.24,JP,1595027228
Clyde River,70.47,-68.59,42.8,87,20,18.34,CA,1595026985
Waingapu,-9.66,120.26,74.8,83,6,7.72,ID,1595027229
Kahului,20.89,-156.47,93.2,49,40,20.8,US,1595027229
Khatanga,71.97,102.5,39.6,92,100,10.2,RU,1595027229
Walvis Bay,-22.96,14.51,68.0,15,0,12.75,NA,1595027229
Bengkulu,-3.8,102.27,75.25,85,73,3.78,ID,1595027229
Pierre,44.37,-100.35,104.0,27,1,14.99,US,1595027191
Tual,-5.67,132.75,78.76,84,65,20.69,ID,1595027229
Washington,47.5,-120.5,82.4,26,1,19.46,US,1595027158
Kalabo,-14.97,22.68,50.67,48,0,7.36,ZM,1595027230
Janesville,42.68,-89.02,84.2,62,75,10.29,US,1595027119
Lorengau,-2.02,147.27,84.85,72,84,8.66,PG,1595027230
Chumikan,54.72,135.31,54.27,94,100,8.77,RU,1595027230
Kawalu,-7.38,108.21,70.95,93,82,2.8,ID,1595027230
Ogbomosho,8.13,4.25,70.3,98,90,4.68,NG,1595027230
Livingston,55.9,-3.52,57.2,87,90,6.93,GB,1595027230
Hualmay,-11.1,-77.61,61.05,79,7,9.26,PE,1595027231
Ostrovnoy,68.05,39.51,49.98,64,12,3.2,RU,1595027231
Adrar,20.5,-10.07,96.03,22,0,3.98,MR,1595027231
Lavrentiya,65.58,-171.0,49.12,70,0,4.92,RU,1595027231
Suntar,62.14,117.63,57.36,87,100,4.79,RU,1595027231
At-Bashi,41.17,75.81,57.04,70,99,0.25,KG,1595027232
Port Macquarie,-31.43,152.92,60.01,75,28,3.0,AU,1595027232
Prince Rupert,54.32,-130.32,57.2,82,90,5.82,CA,1595026980
Cocobeach,1.0,9.58,78.8,83,75,6.93,GA,1595027232
Comodoro Rivadavia,-45.87,-67.5,44.6,93,40,3.36,AR,1595027054
Araouane,18.9,-3.53,100.27,20,38,5.82,ML,1595027232
Cururupu,-1.83,-44.87,74.86,90,7,2.46,BR,1595027232
Abdulino,53.7,53.67,66.06,97,90,9.24,RU,1595027232
Kempele,64.91,25.5,60.8,82,66,4.7,FI,1595027232
Baculin,7.45,126.58,81.01,74,100,5.79,PH,1595027233
Mount Gambier,-37.83,140.77,48.2,70,100,8.05,AU,1595027233
Karratha,-20.74,116.85,71.13,68,97,4.36,AU,1595027233
Eskil,38.4,33.41,70.48,60,3,8.84,TR,1595027233
Warrnambool,-38.38,142.48,46.99,84,100,10.0,AU,1595026960
Yacuiba,-22.04,-63.68,73.51,53,61,4.76,BO,1595027233
Atocha,-20.93,-66.23,40.06,54,23,4.09,BO,1595027234
Panguna,-6.32,155.48,77.2,79,96,3.58,PG,1595027234
Vardø,70.37,31.11,53.6,87,100,18.34,NO,1595027234
Blairmore,49.6,-114.44,75.2,43,75,13.87,CA,1595027234
Sokoni,-6.43,39.55,75.2,64,40,10.29,TZ,1595027234
Taguatinga,-12.39,-46.57,76.12,42,0,7.9,BR,1595027234
Fare,-16.7,-151.02,78.73,74,0,9.89,PF,1595027234
Zaqatala,41.63,46.64,77.0,65,40,6.93,AZ,1595027234
Hofn,64.25,-15.21,53.2,67,97,14.38,IS,1595027235
Muros,42.78,-9.06,73.0,51,0,1.99,ES,1595027235
Kiryat Gat,31.61,34.76,75.99,69,0,3.83,IL,1595027235
Waipawa,-41.41,175.52,55.99,75,99,5.01,NZ,1595027235
Vinstra,61.6,9.75,57.11,73,99,3.27,NO,1595027235
Khani,41.96,42.96,71.6,94,85,3.36,GE,1595027235
Romny,50.75,33.47,57.83,83,0,2.1,UA,1595027236
Iskateley,67.68,53.15,53.2,86,99,7.74,RU,1595027236
Grindavik,63.84,-22.43,44.6,75,75,29.97,IS,1595027236
Pamanukan,-6.28,107.81,73.92,84,1,3.96,ID,1595027002
Port Hardy,50.7,-127.42,66.2,55,20,16.11,CA,1595027236
Ambilobe,-13.2,49.05,65.1,82,0,3.31,MG,1595027236
Kungurtug,50.6,97.52,50.63,72,43,0.92,RU,1595027236
Sault Ste. Marie,46.52,-84.33,80.6,47,75,6.93,CA,1595027236
Buraidah,26.33,43.98,93.2,18,29,6.93,SA,1595027151
Nome,64.5,-165.41,66.99,63,1,9.17,US,1595027237
Dickinson,29.46,-95.05,89.01,58,20,9.17,US,1595027237
Vestmannaeyjar,63.44,-20.27,49.05,74,48,32.23,IS,1595027237
Araguaçu,-12.93,-49.83,76.19,35,0,3.96,BR,1595027237
Caohe,30.23,115.43,81.0,91,96,3.67,CN,1595027237
Llanes,43.42,-4.75,64.99,92,0,11.99,ES,1595027237
Ilembula,-8.9,34.58,51.3,67,0,11.99,TZ,1595027238
Vao,-22.67,167.48,69.3,71,9,14.23,NC,1595027238
Aswān,24.09,32.91,82.4,23,2,7.92,EG,1595027238
Kavaratti,10.57,72.64,83.01,79,99,18.9,IN,1595027238
Pachmarhi,22.47,78.43,69.01,100,30,3.71,IN,1595027238
Poconé,-16.26,-56.62,78.98,30,0,3.11,BR,1595027238
Pevek,69.7,170.31,45.39,80,40,4.65,RU,1595027238
Jardim,-21.48,-56.14,74.52,42,0,3.62,BR,1595027238
Faanui,-16.48,-151.75,77.27,80,1,14.18,PF,1595027239
Esperance,-33.87,121.9,42.8,93,84,14.99,AU,1595027042
Chokurdakh,70.63,147.92,53.51,49,0,7.25,RU,1595027239
Smidovich,48.6,133.82,74.75,89,20,5.5,RU,1595027239
Saint Anthony,45.02,-93.22,90.0,52,40,12.75,US,1595027239
Chilchota,19.85,-102.13,73.0,68,40,6.93,MX,1595027239
Kharitonovo,61.4,47.5,55.62,95,9,2.75,RU,1595027239
Margate,51.38,1.39,66.0,76,1,1.01,GB,1595026982
Presidencia Roque Sáenz Peña,-26.79,-60.44,73.74,70,18,7.34,AR,1595027240
Wang Saphung,17.3,101.77,75.09,90,100,1.79,TH,1595027240
Kotka,60.47,26.95,62.6,72,36,1.12,FI,1595027240
Laguna,38.42,-121.42,91.99,25,1,11.41,US,1595027240
Anadyr,64.75,177.48,57.2,76,20,8.95,RU,1595027240
Karoi,-16.81,29.69,44.96,87,0,3.91,ZW,1595027240
Norman Wells,65.28,-126.83,75.2,36,40,5.82,CA,1595027240
Idah,7.11,6.73,71.29,92,99,0.94,NG,1595027241
Bridlington,54.08,-0.19,64.4,77,96,6.93,GB,1595027146
Port Hedland,-20.32,118.57,59.0,87,90,4.7,AU,1595027241
Ganzhou,28.82,115.43,80.85,82,100,5.99,CN,1595027241
Askino,56.09,56.58,63.16,95,71,3.74,RU,1595027241
Ribeira Grande,38.52,-28.7,70.07,78,13,14.0,PT,1595027241
Ilhabela,-23.78,-45.36,67.05,83,6,6.26,BR,1595027242
Bambous Virieux,-20.34,57.76,69.8,73,40,11.41,MU,1595027242
Berlevåg,70.86,29.09,58.42,71,100,12.08,NO,1595026984
Olafsvik,64.89,-23.71,46.36,80,76,28.7,IS,1595027242
Firovo,57.48,33.7,50.41,95,0,3.27,RU,1595027242
Oriximiná,-1.77,-55.87,81.37,67,23,4.21,BR,1595027242
São Filipe,14.9,-24.5,75.34,79,37,6.93,CV,1595027242
Praia,14.92,-23.51,77.0,69,75,10.29,CV,1595027042
Inuvik,68.35,-133.72,64.4,48,75,5.82,CA,1595027243
Kudahuvadhoo,2.67,72.89,84.15,69,81,6.55,MV,1595027243
Provideniya,64.38,-173.3,51.71,88,96,4.16,RU,1595027243
Ust-Nera,64.57,143.2,62.83,39,88,5.82,RU,1595027243
Broken Hill,-31.95,141.43,41.0,52,63,8.05,AU,1595027244
Liverpool,53.41,-2.98,64.4,82,40,12.75,GB,1595027176
Dagda,56.1,27.54,54.14,72,0,1.81,LV,1595027244
Bathsheba,13.22,-59.52,84.2,70,40,11.41,BB,1595027244
Dunedin,-45.87,170.5,45.0,75,7,15.01,NZ,1595027244
Vilhena,-12.74,-60.15,72.88,41,0,2.77,BR,1595027244
Santa Maria,-29.68,-53.81,59.54,96,38,5.93,BR,1595027244
Shitanjing,39.23,106.34,64.17,53,68,13.18,CN,1595027245
Laas,46.62,10.7,51.8,87,40,5.82,IT,1595027245
Plácido de Castro,-10.34,-67.19,78.67,56,1,1.19,BR,1595027245
Mehamn,71.04,27.85,59.81,67,100,11.61,NO,1595027245
Carutapera,-1.2,-46.02,75.18,92,5,4.79,BR,1595027245
Genhe,50.78,121.52,67.05,87,75,1.16,CN,1595027245
Husavik,66.04,-17.34,44.6,81,90,19.46,IS,1595027246
Black River,18.03,-77.85,80.6,88,40,3.36,JM,1595027246
Kaitangata,-46.28,169.85,34.0,72,0,4.0,NZ,1595027246
Luwuk,-0.95,122.79,78.12,77,3,4.41,ID,1595027246
Río Gallegos,-51.62,-69.22,33.8,100,90,13.87,AR,1595027246
Newala,-10.94,39.28,58.12,81,34,4.34,TZ,1595027246
Yulara,-25.24,130.99,37.4,44,0,6.93,AU,1595027247
Sampit,-2.53,112.95,73.69,97,29,1.3,ID,1595027247
Cherskiy,68.75,161.3,55.18,63,74,8.95,RU,1595027247
Chala,-7.58,31.27,48.2,81,5,16.11,TZ,1595027247
Isangel,-19.55,169.27,75.2,69,20,6.93,VU,1595027247
Merauke,-8.47,140.33,77.43,74,29,14.7,ID,1595027247
Ylivieska,64.08,24.55,64.99,80,60,6.93,FI,1595027247
Nioro,13.35,-15.75,75.69,89,100,10.04,GM,1595027247
Coquimbo,-29.95,-71.34,53.6,76,66,2.24,CL,1595027181
Isla Mujeres,21.23,-86.73,87.8,66,40,6.93,MX,1595027248
Pangoa,-12.12,-73.0,69.51,94,39,1.9,PE,1595027248
Port Keats,-14.25,129.55,67.95,31,0,8.46,AU,1595027248
Elizabeth City,36.29,-76.25,91.4,66,1,6.93,US,1595027248
Namatanai,-3.67,152.43,83.55,71,89,8.57,PG,1595027248
Boueni,-12.9,45.08,77.0,69,20,17.22,YT,1595027249
Gazojak,41.19,61.4,82.08,19,0,8.88,TM,1595027249
Qaqortoq,60.72,-46.03,64.4,58,0,6.93,GL,1595027249
Mahon,39.89,4.27,69.8,77,20,4.7,ES,1595027249
Acapulco de Juárez,16.86,-99.89,87.8,70,5,11.41,MX,1595027106
La Rioja,42.25,-2.5,62.6,72,3,6.93,ES,1595027250
Grand Gaube,-20.01,57.66,66.0,79,1,3.0,MU,1595027250
Ilulissat,69.22,-51.1,53.6,46,0,5.82,GL,1595027250
Long Beach,33.77,-118.19,84.0,54,1,9.17,US,1595027250
Gold Coast,-28.0,153.43,66.0,62,0,8.01,AU,1595027164
Myre,69.1,15.95,53.6,81,91,17.22,NO,1595027250
Pangody,65.85,74.49,56.12,68,100,10.54,RU,1595027251
Omsukchan,62.53,155.8,50.38,79,67,5.39,RU,1595027251
Bonfim,3.08,-59.95,79.05,81,93,5.28,BR,1595027251
Guarujá,-23.99,-46.26,72.0,97,30,2.73,BR,1595027251
Tazovsky,67.47,78.7,46.24,81,36,4.74,RU,1595027251
Chicama,-7.84,-79.15,65.84,71,12,6.44,PE,1595027251
Black Forest,39.01,-104.7,86.0,18,75,4.7,US,1595027068
Broome,42.25,-75.83,80.01,50,1,6.93,US,1595027251
Pochutla,15.74,-96.47,89.6,59,20,6.31,MX,1595027252
Te Anau,-45.42,167.72,37.42,76,0,0.16,NZ,1595027252
Banda Aceh,5.56,95.32,78.46,82,100,8.12,ID,1595027252
San Rafael del Sur,11.85,-86.44,91.4,55,40,13.87,NI,1595027252
Beaverlodge,55.22,-119.44,62.6,59,75,21.92,CA,1595027252
São João da Barra,-21.64,-41.05,69.66,77,0,11.95,BR,1595027252
Ocampo,21.65,-101.5,74.64,27,30,11.59,MX,1595027253
Avigliana,45.08,7.4,73.99,58,64,3.85,IT,1595027253
Ventspils,57.39,21.56,51.8,100,0,4.25,LV,1595027253
Salalah,17.02,54.09,82.4,88,40,2.24,OM,1595027253
Rodino,52.5,80.25,66.34,75,51,12.66,RU,1595027253
Ayr,55.46,-4.63,55.4,93,75,5.82,GB,1595027253
Doliana,39.9,20.58,66.99,93,2,1.12,GR,1595027253
Ekhabi,53.51,142.97,59.97,91,100,4.85,RU,1595027253
Katangli,51.71,143.23,59.09,97,100,2.71,RU,1595027254
Tiksi,71.69,128.87,43.74,71,93,9.91,RU,1595027254
Marsá Maţrūḩ,31.35,27.25,75.2,83,20,6.93,EG,1595027254
Saint George,37.1,-113.58,104.0,12,1,11.41,US,1595026954
Codrington,-38.27,141.97,48.74,69,100,18.1,AU,1595027254
Standish,43.98,-83.96,87.8,40,40,12.75,US,1595027255
Ancud,-41.87,-73.82,48.2,100,90,12.75,CL,1595027255
Qui Nhon,13.77,109.23,79.27,84,20,4.09,VN,1595026968
Frontera,26.93,-101.45,95.65,30,54,19.53,MX,1595027255
Manokwari,-0.87,134.08,81.61,69,87,4.0,ID,1595027046
Leshukonskoye,64.9,45.76,51.35,97,3,4.76,RU,1595027255
Maniitsoq,65.42,-52.9,53.53,67,0,5.95,GL,1595027255
West Plains,36.73,-91.85,75.99,88,40,4.7,US,1595027256
Phan Thiet,10.93,108.1,77.27,88,27,4.12,VN,1595027256
Taltal,-25.4,-70.48,53.65,81,30,4.32,CL,1595027256
Gayny,60.31,54.32,57.88,92,0,4.34,RU,1595027256
Itarema,-2.92,-39.92,78.08,77,10,12.66,BR,1595027256
Jiaozuo,35.24,113.23,70.39,81,19,1.48,CN,1595027256
Bontang,0.13,117.5,77.05,88,43,6.26,ID,1595027080
Altamira,-3.2,-52.21,77.92,65,1,2.89,BR,1595027256
Barcelos,41.54,-8.62,87.01,69,0,4.88,PT,1595027089
Bǝrdǝ,40.37,47.13,75.4,50,0,1.66,AZ,1595027257
Mardin,37.31,40.74,76.6,32,0,3.65,TR,1595027257
Solnechnyy,50.72,136.63,73.42,78,59,2.04,RU,1595027257
Severo-Kuril'sk,50.68,156.12,52.56,84,100,9.69,RU,1595027257
Cidreira,-30.18,-50.21,60.55,87,83,12.59,BR,1595027257
Rome,43.21,-75.46,80.6,57,1,8.05,US,1595027103
Måløy,61.94,5.11,57.2,76,20,18.34,NO,1595027258
Paragominas,-2.97,-47.48,77.2,68,12,4.03,BR,1595027258
Longyan,25.11,117.02,78.3,80,95,3.42,CN,1595027258
Boshnyakovo,49.63,142.17,60.71,98,100,3.51,RU,1595027258
Carauari,-4.88,-66.9,81.09,66,95,0.92,BR,1595027258
Strezhevoy,60.73,77.59,57.2,82,22,2.24,RU,1595027258
Riachão do Jacuípe,-11.81,-39.39,68.25,91,88,10.51,BR,1595027258
Jiaozhou,36.28,120.0,73.99,88,90,2.24,CN,1595027258
Yinchuan,38.47,106.27,75.33,35,100,9.35,CN,1595027259
Sitka,57.05,-135.33,55.4,87,90,12.75,US,1595027259
San Quintín,30.48,-115.95,74.97,61,0,15.35,MX,1595027259
Kiomboi,-4.27,34.37,54.97,59,52,17.4,TZ,1595027259
Topchikha,52.82,83.12,60.8,63,3,6.71,RU,1595027259
Rosetown,51.55,-108.0,73.99,57,55,1.99,CA,1595027259
Pahrump,36.21,-115.98,107.01,11,0,7.0,US,1595027260
Smithers,54.78,-127.17,64.4,59,75,10.29,CA,1595027260
Najrān,17.49,44.13,91.4,19,40,10.29,SA,1595027260
Santa Lucía,27.91,-15.54,75.99,83,20,20.8,ES,1595027260
Riberalta,-10.98,-66.1,78.98,49,0,1.32,BO,1595027260
Huarmey,-10.07,-78.15,62.47,77,2,9.15,PE,1595027260
Balikpapan,-1.27,116.83,77.0,100,20,2.24,ID,1595027260
Ketchikan,55.34,-131.65,60.8,77,90,10.29,US,1595027177
Angoram,-4.06,144.07,79.02,89,69,2.44,PG,1595027261
Herat Province,34.5,62.0,77.14,24,0,29.42,AF,1595027261
Dongsheng,39.82,109.98,64.56,67,72,8.03,CN,1595027261
General Pico,-35.66,-63.76,54.57,76,95,10.07,AR,1595027261
Dwārka,22.24,68.97,83.79,86,18,10.22,IN,1595027261
Wakema,16.6,95.18,77.85,91,100,4.92,MM,1595027262
Khovd,48.01,91.64,62.37,49,0,0.67,MN,1595027262
Narón,43.52,-8.15,68.0,82,0,11.99,ES,1595027262
Mayo,38.89,-76.51,89.01,66,1,6.93,US,1595027262
Forio,40.73,13.86,73.0,81,47,10.49,IT,1595027262
Geraldton,-28.77,114.6,48.2,81,75,10.29,AU,1595027262
Pontes e Lacerda,-15.23,-59.34,76.17,30,0,2.42,BR,1595027262
Whitianga,-36.83,175.7,60.01,81,99,5.01,NZ,1595027263
Kurchum,48.57,83.65,69.71,56,0,4.7,KZ,1595027263
Sistranda,63.73,8.83,55.4,87,75,8.05,NO,1595027263
Manchester,53.48,-2.24,63.0,87,75,6.93,GB,1595027021
Deming,32.27,-107.76,96.8,16,1,6.02,US,1595027030
Tabou,4.42,-7.35,74.95,82,0,7.0,CI,1595027263
Lagan,45.39,47.37,80.01,46,100,6.98,RU,1595027263
Bayanday,53.07,105.51,53.73,85,77,8.25,RU,1595027263
Fortuna,40.6,-124.16,64.0,87,75,14.99,US,1595027264
Praia da Vitória,38.73,-27.07,69.8,88,75,10.67,PT,1595027264
Chara,56.91,118.26,57.65,80,100,0.56,RU,1595027264
San Cristobal,7.77,-72.22,87.8,52,40,9.17,VE,1595027128
Meïganga,6.52,14.3,63.86,95,90,2.82,CM,1595027264
Muisne,0.6,-80.03,75.54,89,99,12.55,EC,1595027264
Seymchan,62.88,152.43,52.36,75,100,6.6,RU,1595027264
Łobez,53.64,15.62,60.01,88,8,3.69,PL,1595027264
Medicine Hat,50.05,-110.67,77.0,44,75,6.93,CA,1595027265
Ixtapa,20.7,-105.2,87.01,70,20,10.29,MX,1595027265
Orlik,52.52,99.83,50.58,69,53,1.77,RU,1595027265
Teguise,29.06,-13.56,75.2,73,20,18.34,ES,1595027265
Mountain Home,43.13,-115.69,96.8,12,1,10.29,US,1595027265
São Gabriel da Cachoeira,-0.13,-67.09,74.88,95,73,1.48,BR,1595027265
Port Elizabeth,-33.92,25.57,44.6,65,0,4.7,ZA,1595027266
Aykhal,66.0,111.5,55.4,76,75,2.24,RU,1595027266
Salamiyah,35.01,37.05,65.71,88,0,9.13,SY,1595027266
Burhaniye,39.5,26.97,73.4,69,0,13.87,TR,1595027266
Kandrian,-6.22,149.55,75.96,95,100,8.21,PG,1595027266
Muli,2.92,73.57,84.18,70,89,7.0,MV,1595027266
Hay River,60.82,-115.8,66.2,68,75,10.29,CA,1595027266
Huanan,46.22,130.52,77.25,78,91,4.32,CN,1595027267
Grand-Santi,4.25,-54.38,80.96,68,96,2.8,GF,1595027267
Chui,-33.7,-53.46,57.45,94,98,10.67,UY,1595027267
Progreso,21.28,-89.67,87.01,70,75,4.7,MX,1595027267
Batticaloa,7.71,81.69,81.7,77,100,4.79,LK,1595027267
Carbondale,37.73,-89.22,75.2,88,1,5.57,US,1595027267
Sorong,-0.88,131.25,78.78,83,0,5.77,ID,1595027267
Dourdan,48.53,2.01,66.99,74,4,6.6,FR,1595027268
The Valley,18.22,-63.06,86.0,62,20,9.17,AI,1595027268
College,64.86,-147.8,68.0,59,75,9.17,US,1595027268
Taree,-31.9,152.47,57.0,82,90,8.05,AU,1595027268
Bilibino,68.05,166.44,59.18,66,96,8.68,RU,1595027268
Sayville,40.74,-73.08,81.0,83,90,8.05,US,1595027268
Djibo,14.1,-1.63,88.34,49,66,11.32,BF,1595027268
Kaeo,-35.1,173.78,60.01,3,100,1.99,NZ,1595027269
Pacific Grove,36.62,-121.92,71.01,60,1,14.99,US,1595027230
Magdalena,14.2,121.43,82.99,83,98,3.76,PH,1595027269
Choya,52.01,86.55,62.51,92,0,2.15,RU,1595027269
Miranda,3.25,-76.23,86.0,51,20,17.22,CO,1595027269
Bertoua,4.58,13.68,67.28,94,94,4.5,CM,1595027270
Baní,18.28,-70.33,82.0,83,75,9.17,DO,1595027270
Capaci,38.17,13.24,77.0,65,40,3.36,IT,1595027270
Biryusinsk,55.96,97.82,52.02,69,100,7.83,RU,1595027270
Coachella,33.68,-116.17,109.0,19,1,5.82,US,1595027270
Skibbereen,51.55,-9.27,57.2,100,90,10.29,IE,1595027270
Marystown,47.17,-55.15,56.61,79,8,6.11,CA,1595027147
Pingliang,35.54,106.69,62.02,79,100,18.66,CN,1595027270
Lompoc,34.64,-120.46,69.8,60,13,12.75,US,1595027271
Marzuq,14.4,46.47,85.46,31,98,3.91,YE,1595027271
Port Moresby,-9.44,147.18,77.0,83,40,14.99,PG,1595027271
Terney,45.05,136.61,74.32,67,0,6.53,RU,1595027271
Sabha,27.04,14.43,90.64,21,63,15.17,LY,1595027271
Acaraú,-2.89,-40.12,78.3,75,8,13.04,BR,1595027271
Dharmadam,11.78,75.43,76.6,85,100,4.74,IN,1595027271
Thale,51.75,11.05,60.01,84,7,1.86,DE,1595027272
Tessalit,20.2,1.01,94.33,13,0,11.23,ML,1595027272
Imeni Poliny Osipenko,52.42,136.49,67.06,79,64,4.68,RU,1595027272
Crixás,-14.55,-49.97,73.98,35,0,4.09,BR,1595027272
Mīnāb,27.15,57.08,89.6,75,79,2.24,IR,1595027272
Lagunas,-5.23,-75.68,79.12,72,30,0.49,PE,1595027272
Kāmāreddi,18.32,78.35,73.76,87,77,11.81,IN,1595027272
Hobyo,5.35,48.53,77.25,72,46,28.99,SO,1595027273
Amapá,1.0,-52.0,72.48,95,82,1.66,BR,1595027273
Ponta Delgada,37.73,-25.67,68.0,82,75,4.7,PT,1595027273
Belovo,54.42,86.3,53.38,86,1,7.96,RU,1595027273
Semey,50.41,80.23,75.2,57,36,11.18,KZ,1595027273
Manzanillo,20.34,-77.12,83.91,76,80,3.22,CU,1595027273
Edd,13.93,41.69,89.35,62,92,3.22,ER,1595027274
Chatrapur,19.35,84.98,82.45,80,98,11.9,IN,1595027274
Tomigusuku,26.18,127.67,84.0,94,75,8.05,JP,1595027274
Morayfield,-27.12,152.95,62.01,89,5,5.01,AU,1595027274
Wani,20.07,78.95,78.21,86,58,6.49,IN,1595027274
Karatau,43.17,70.47,79.57,19,11,7.65,KZ,1595027274
Bahsūma,29.22,77.97,84.09,71,43,7.7,IN,1595027274
Shintomi,32.08,131.47,71.6,94,40,5.82,JP,1595027275
Urmia,37.55,45.08,69.8,49,20,4.7,IR,1595027275
Lal'sk,60.74,47.59,55.4,96,0,3.36,RU,1595027275
Breves,-1.68,-50.48,79.25,71,54,2.01,BR,1595027275
Candelaria,13.93,121.42,82.99,82,95,3.18,PH,1595027275
Kapit,2.02,112.93,73.63,95,99,1.16,MY,1595027276
Chake Chake,-5.25,39.77,75.81,68,20,14.92,TZ,1595027276
Sechura,-5.56,-80.82,68.92,66,8,14.5,PE,1595027276
Port Lincoln,-34.73,135.87,57.97,50,100,19.57,AU,1595027276
Los Llanos de Aridane,28.66,-17.92,78.01,83,30,11.41,ES,1595027276
Bandarbeyla,9.49,50.81,81.97,47,78,27.27,SO,1595027276
Tura,25.52,90.22,74.41,98,100,4.81,IN,1595027277
Banyo,6.75,11.82,63.99,94,100,1.83,CM,1595027277
Shingū,33.73,135.98,76.5,91,26,3.53,JP,1595027277
Aranos,-24.13,19.12,45.91,49,0,11.21,NA,1595027277
Kolpashevo,58.31,82.91,51.22,83,0,2.82,RU,1595027277
Capitão Poço,-1.75,-47.06,73.04,96,28,5.39,BR,1595027277
Petropavlovsk-Kamchatskiy,53.05,158.65,68.0,64,57,4.47,RU,1595027278
Hurricane,37.18,-113.29,104.0,14,3,1.99,US,1595027252
Preobrazheniye,42.9,133.91,69.87,72,9,6.38,RU,1595027278
Alice Springs,-23.7,133.88,42.8,41,0,3.36,AU,1595027278
Forsytheganj,52.63,29.73,57.42,92,2,4.47,BY,1595027278
Yabrūd,33.97,36.66,68.0,72,0,19.46,SY,1595027278
Gazimurskiy Zavod,51.55,118.33,63.36,77,48,1.57,RU,1595027278
Longhua,23.61,114.19,80.55,84,98,1.83,CN,1595027278
Khorramshahr,30.44,48.17,95.0,32,0,6.93,IR,1595027279
Gravdal,68.12,13.5,54.9,80,94,18.75,NO,1595027279
Provincia di Imperia,43.97,7.78,73.0,94,20,5.82,IT,1595027279
Keetmanshoop,-26.58,18.13,53.6,17,0,9.17,NA,1595027279
Sobolevo,54.43,31.9,53.89,90,72,4.23,RU,1595027279
Nuevo Progreso,23.17,-97.95,88.0,56,4,10.0,MX,1595027279
Kundiawa,-6.02,144.97,68.23,74,100,2.48,PG,1595027279
Gunjur,13.2,-16.73,77.0,100,40,4.7,GM,1595027279
Iberia,29.95,-91.75,87.8,83,66,6.91,US,1595027280
Quelimane,-17.88,36.89,66.11,84,36,7.14,MZ,1595027280
Xai-Xai,-25.05,33.64,56.59,82,0,1.41,MZ,1595027280
Westport,41.14,-73.36,80.01,78,1,3.36,US,1595027162
Nuuk,64.18,-51.72,64.4,36,0,10.29,GL,1595027280
Golden,39.76,-105.22,91.99,15,75,6.93,US,1595027164
Emba,48.83,58.14,78.84,24,0,5.03,KZ,1595027281
Yuncheng,35.02,110.99,71.29,70,51,2.42,CN,1595027281
Talara,-4.58,-81.27,63.72,83,2,15.93,PE,1595027281
Boyolangu,-8.12,111.89,73.15,89,70,5.86,ID,1595027281
Honningsvåg,70.98,25.97,56.01,83,100,12.95,NO,1595027281
Santa Pola,38.19,-0.57,75.2,78,20,4.7,ES,1595027281
Dergaon,26.7,93.97,76.71,95,99,2.68,IN,1595027282
Kurumkan,54.3,110.3,56.77,63,13,1.92,RU,1595027282
Takanabe,32.13,131.5,71.6,94,40,5.82,JP,1595027282
Safi,32.3,-9.24,70.9,84,8,2.66,MA,1595027067
Maposeni,-10.58,35.4,55.4,76,20,5.82,TZ,1595027282
Andenes,69.31,16.12,53.6,81,94,17.22,NO,1595027282
Ürümqi,43.8,87.6,80.6,30,0,8.95,CN,1595027282
Dinghaicun,26.28,119.79,80.6,88,94,4.47,CN,1595027283
Aburi,5.85,-0.18,75.2,94,15,10.29,GH,1595027283
Coahuayana Viejo,18.73,-103.68,84.2,66,40,11.41,MX,1595027283
Ubari,26.59,12.78,87.55,18,35,3.94,LY,1595027283
Deputatsky,69.3,139.9,48.34,57,67,14.32,RU,1595027283
Okhotsk,59.38,143.3,57.2,89,98,5.41,RU,1595027283
High Prairie,55.43,-116.49,62.94,75,19,15.46,CA,1595027254
Flin Flon,54.77,-101.86,64.4,77,90,6.93,CA,1595027283
Katghora,22.5,82.55,80.51,74,17,2.33,IN,1595027284
Teluk Nibung,3.0,99.82,74.41,90,11,4.0,ID,1595027284
Arrondissement de Millau,44.08,2.92,62.6,63,20,6.93,FR,1595027284
Arlit,18.74,7.39,85.89,51,52,15.99,NE,1595027284
Sittwe,20.15,92.9,81.75,82,100,2.84,MM,1595027284
Cuamba,-14.8,36.54,57.29,87,40,6.64,MZ,1595027284
Piteå,65.32,21.48,60.8,93,100,9.17,SE,1595027285
